{
  "anchor": "DA-based \u2113A = \u03c0 DA/rs",
  "p_hi": -0.2301,
  "z_switch": 2.0,
  "H0": 70.0,
  "z_star": 1090.0,
  "r_s_proxy": 147.0,
  "D_M_zstar": 15311242.843527796,
  "D_A_zstar": 14034.136428531436,
  "ell_A": 299.92884287994053
}