{
  "best": {
    "H0": 70.11139041178089,
    "r_d": 146.80854796441005,
    "chi2_tot": 1.2046906196483234,
    "chi2_sn": 1.1922932765923888,
    "chi2_bao": 0.012397343055934481,
    "sn_file": "toy"
  },
  "intervals": {
    "H0": [
      70.11139041178089,
      70.11139041178089
    ],
    "r_d": [
      145.90854796441005,
      147.70854796441006
    ]
  }
}