{
  "H0": 70.0,
  "z_switch": 2.0,
  "z_star": 1090.0,
  "ellA_target": 300.0,
  "p_mid_star": 2.8209909994284974,
  "p_early": 2.0,
  "DM_zstar_Mpc": 15312.48632420817,
  "DA_zstar_Mpc": 14.035276190841586,
  "rs_Mpc": 0.14697707190049597,
  "continuity": {
    "E_left": 0.9632376058827975,
    "E_mid_at_z_switch": 0.9632376058827975,
    "E_mid_at_z_star": 16123337.453248458,
    "E_early_at_z_star": 16123337.453248458
  }
}