{
  "H0": 70.0,
  "z_switch": 2.0,
  "z_star": 1090.0,
  "ellA_target": 300.0,
  "T0_K": 2.7255,
  "Omega_b_h2": 0.02237,
  "rs_uam_Mpc": 38868538397.981514,
  "p_hi_star": -3.748232614529482,
  "D_M_zstar": 4049434293930714.5,
  "D_A_zstar": 3711672130092.314,
  "ellA": 300.00000970032715,
  "continuity": {
    "E_left": 0.9632376058827975,
    "E_right": 0.9632376058827975
  }
}